drop table if exists t1, t2, t3;
drop function if exists last_insert_grn_id;
create function last_insert_grn_id returns integer soname 'ha_groonga.so';
create table t1 (_id int, c1 int);
select last_insert_grn_id();
last_insert_grn_id()
0
insert into t1 values(null,100);
insert into t1 values(null,100);
select last_insert_grn_id();
last_insert_grn_id()
2
insert into t1 values(null,100);
insert into t1 values(null,100);
select last_insert_grn_id();
last_insert_grn_id()
4
insert into t1 values(null,100);
insert into t1 values(null,100);
select last_insert_grn_id();
last_insert_grn_id()
6
insert into t1 values(null,100);
insert into t1 values(null,100);
select last_insert_grn_id();
last_insert_grn_id()
8
select last_insert_grn_id(1);
ERROR HY000: Can't initialize function 'last_insert_grn_id'; last_insert_grn_id must not have arguments
drop table t1;
drop function last_insert_grn_id;
